rank,name,value
1,Hakeem Olajuwon,3830
2,Dikembe Mutombo,3289
3,Kareem Abdul-Jabbar,3189
4,Mark Eaton,3064
5,Tim Duncan,3020
6,David Robinson,2954
7,Patrick Ewing,2894
8,Shaquille O'Neal,2732
9,Tree Rollins,2542
10,Robert Parish,2361
11,Alonzo Mourning,2356
12,Marcus Camby,2331
13,Dwight Howard,2228
14,Brook Lopez,2147
15,Ben Wallace,2137
16,Shawn Bradley,2119
17,Manute Bol,2086
18,George Johnson,2082
19,Kevin Garnett,2037
20,Larry Nance,2027
21,Theo Ratliff,1968
22,Pau Gasol,1941
23,Anthony Davis,1848
24,Rudy Gobert,1842
25,Elton Brand,1828
26,Jermaine O'Neal,1820
27,Elvin Hayes,1771
28,Serge Ibaka,1759
29,Artis Gilmore,1747
30,Moses Malone,1733
31,Josh Smith,1713
32,Kevin McHale,1690
33,Vlade Divac,1631
34,Herb Williams,1605
35,Elden Campbell,1602
36,Benoit Benjamin,1581
37,DeAndre Jordan,1578
38,Samuel Dalembert,1546
39,Wayne Cooper,1535
40,Myles Turner,1527
41,Caldwell Jones,1517
42,Elmore Smith,1483
43,Alton Lister,1473
44,Andrei Kirilenko,1461
45,Rasheed Wallace,1460
46,Hot Rod Williams,1456
47,Mark West,1403
48,Erick Dampier,1398
49,Clifford Robinson,1390
50,Bob McAdoo,1363
51,Al Horford,1351
52,Kevin Durant,1344
53,Terry Tyler,1342
54,Tyson Chandler,1335
55,Zydrunas Ilgauskas,1327
56,Julius Erving,1293
56,Greg Ostertag,1293
58,Dirk Nowitzki,1281
59,Shawn Kemp,1279
60,Dale Davis,1270
61,James Donaldson,1267
62,JaVale McGee,1258
63,Marc Gasol,1254
64,Shawn Marion,1233
65,Harvey Catchings,1226
66,Chris Webber,1200
67,Andre Drummond,1197
68,Adonal Foyle,1193
68,Bo Outlaw,1193
70,LaMarcus Aldridge,1187
71,LeBron James,1185
72,Sam Lacey,1160
73,Roy Hibbert,1146
74,Karl Malone,1145
75,Hassan Whiteside,1143
76,Horace Grant,1136
77,Charles Jones,1134
78,Joe Barry Carroll,1122
79,Dan Roundfield,1117
80,P.J. Brown,1116
81,Rik Smits,1111
82,Brendan Haywood,1109
83,Bismack Biyombo,1102
83,Antonio McDyess,1102
85,Bob Lanier,1100
85,Buck Williams,1100
87,Andrew Lang,1099
88,Al Jefferson,1093
89,Andrew Bogut,1091
90,Giannis Antetokounmpo,1088
91,Ervin Johnson,1087
92,Thurl Bailey,1086
93,Mychal Thompson,1073
94,Amar'e Stoudemire,1054
95,Derrick Coleman,1051
96,Jack Sikma,1048
97,Robin Lopez,1045
97,Paul Millsap,1045
99,Robert Horry,1035
100,Bill Walton,1034
101,Chris Dudley,1027
102,Darryl Dawkins,1023
103,Clint Capela,1014
104,Rick Mahorn,1007
105,Emeka Okafor,1003
106,Chris Andersen,991
107,Mike Gminski,989
108,John Salley,983
109,Bobby Jones,982
110,LaSalle Thompson,972
111,Taj Gibson,965
111,Bill Laimbeer,965
113,Scottie Pippen,947
113,Kristaps Porzingis,947
115,Derrick Favors,939
116,Rasho Nesterovic,934
117,Sam Perkins,933
118,Chris Bosh,932
119,Chris Kaman,931
120,Draymond Green,930
121,Antoine Carr,925
122,Yao Ming,920
123,Raef LaFrentz,919
124,Sam Bowie,909
125,Shane Battier,906
126,Jonas Valanciunas,905
127,Kendrick Perkins,903
128,Michael Jordan,893
129,Lamar Odom,892
130,Antonio Davis,889
131,Charles Barkley,888
131,Vince Carter,888
133,Marcin Gortat,885
133,Nikola Vucevic,885
133,Dwyane Wade,885
136,Roy Hinson,882
137,Joakim Noah,874
138,Rony Seikaly,872
139,Joe Smith,868
140,James Edwards,867
141,Kenyon Martin,864
142,David West,850
143,Dave Corzine,848
143,Donyell Marshall,848
145,Jaren Jackson Jr.,846
146,Kurt Thomas,841
147,Danny Schayes,840
148,Amir Johnson,839
149,Joel Przybilla,836
150,Alex English,833
151,Marvin Webster,828
152,Karl-Anthony Towns,811
153,Joe Meriweather,810
154,Alvan Adams,808
155,Tracy McGrady,807
156,Jerome Kersey,799
157,Vin Baker,798
157,Rudy Gay,798
159,Ben Poquette,794
159,Clarence Weatherspoon,794
161,Jon Koncak,791
162,Jakob Poeltl,789
162,Charles Smith,789
164,Joel Embiid,784
164,Jerami Grant,784
166,Gar Heard,780
167,Duane Causwell,767
168,Oliver Miller,758
169,Larry Bird,755
170,Pervis Ellison,752
170,Danny Manning,752
170,Ralph Sampson,752
173,Jarrett Allen,750
173,Randy Breuer,750
173,Kevin Willis,750
176,Rich Kelley,749
177,Paul Pierce,745
178,DeMarcus Cousins,742
179,Dave Greenwood,736
180,Ron Harper,729
181,Michael Cage,725
182,Steven Adams,723
183,Nene,721
184,Nicolas Batum,720
185,Clyde Drexler,719
186,Clemon Johnson,717
187,Tony Battie,713
188,Billy Paultz,706
189,Mason Plumlee,703
190,Michael Olowokandi,697
191,Kurt Nimphius,696
192,Jim McIlvaine,691
193,Mitchell Robinson,690
194,Kelvin Cato,685
195,James Harden,683
195,Nerlens Noel,683
195,Stromile Swift,683
198,Gerald Wallace,681
199,Dennis Johnson,675
199,Christian Laettner,675
201,George Gervin,670
202,Jusuf Nurkic,669
203,Bill Cartwright,668
204,Andrew Bynum,657
205,James Johnson,655
206,Daniel Gafford,653
207,Spencer Hawes,652
208,Olden Polynice,651
209,Terry Cummings,650
210,Carmelo Anthony,644
211,Jim Chones,643
212,John Henson,642
212,Dominique Wilkins,642
214,Kobe Bryant,640
215,Nazr Mohammed,639
216,Shareef Abdur-Rahim,638
216,Clifford Ray,638
218,Danny Green,634
219,Andre Iguodala,633
220,Mickey Johnson,632
221,DeSagana Diop,630
222,Spencer Haywood,629
223,Tom Chambers,627
223,Victor Wembanyama,627
225,James Worthy,624
226,Kevin Kunnert,616
227,Alex Len,615
227,Ivica Zubac,615
229,Darko Milicic,613
230,Nic Claxton,611
230,Derrick McKey,611
232,Armen Gilliam,607
233,Jamaal Magloire,603
234,Sidney Wicks,596
235,Jeff Green,593
235,Cliff Levingston,593
235,Ronny Turiaf,593
238,Brad Miller,592
239,Tom Burleson,591
240,Greg Anderson,590
241,Nikola Jokic,589
242,Andrew Wiggins,587
243,Kent Benson,586
244,Andris Biedrins,580
244,Eddie Jones,580
246,Robert Covington,578
247,Marvin Williams,577
248,Grant Hill,576
249,Lorenzen Wright,572
250,Keon Clark,571
251,Orlando Woolridge,569
252,Ed Davis,566
253,Tobias Harris,565
254,Brian Grant,561
255,Lonnie Shelton,559
256,Nate Thurmond,553
257,Kermit Washington,550
258,Gorgui Dieng,549
258,Luc Longley,549
258,Chris Mullin,549
261,A.C. Green,546
261,Jawann Oldham,546
263,Derrick White,544
264,Jrue Holiday,541
264,Rashard Lewis,541
266,Channing Frye,540
266,Chris Morris,540
268,Aaron Williams,539
269,Bam Adebayo,538
269,Maurice Lucas,538
271,Felton Spencer,534
272,Evan Mobley,532
272,Brian Skinner,532
274,Joel Anthony,531
274,Dennis Rodman,531
276,Steve Johnson,530
277,John Collins,529
278,Will Perdue,527
279,Tristan Thompson,526
280,Marques Johnson,525
280,Tyrus Thomas,525
282,Michael Cooper,523
283,Metta World Peace,522
284,James Bailey,521
285,Eddie Griffin,518
286,Jim Brewer,510
286,Boris Diaw,510
286,Truck Robinson,510
289,Mark Blount,508
290,Kosta Koufos,506
291,Brad Lohaus,503
292,Otis Thorpe,501
293,Tayshaun Prince,500
293,Wayman Tisdale,500
295,Sean Rooks,499
296,Kawhi Leonard,498
297,Darius Miles,495
298,Arvydas Sabonis,494
299,Rodney McCray,493
300,Tom Gugliotta,492
301,Jason Maxiell,490
302,Dave Cowens,488
303,Blair Rasmussen,484
304,Danny Granger,481
304,Lloyd Neal,481
306,Brandon Bass,479
307,Mike Bantom,478
308,LaPhonso Ellis,477
309,John Gianelli,476
310,Robert Williams,475
311,Drew Gooden,474
311,Walker Kessler,474
313,Andrea Bargnani,470
314,Nick Collison,469
314,Antoine Walker,469
316,Kyle Anderson,467
317,Klay Thompson,465
318,Mo Bamba,463
319,Andray Blatche,458
319,Thaddeus Young,458
321,Larry Smith,457
322,Kurt Rambis,456
323,Aaron Gordon,455
323,Edgar Jones,455
323,Gheorghe Muresan,455
326,Kris Humphries,454
327,Mehmet Okur,453
327,Kyle O'Quinn,453
329,Rodney Rogers,451
330,Deandre Ayton,450
330,Jason Kidd,450
332,Richaun Holmes,449
333,Dan Gadzuric,448
334,Wilt Chamberlain,446
335,Naz Reid,445
336,Matt Barnes,444
336,Luol Deng,444
336,Chris Mihm,444
339,Ian Mahinmi,443
340,P.J. Washington,442
341,Cliff Robinson,441
342,John Wall,439
343,Jerry Stackhouse,437
344,Ed Pinckney,435
345,Cedric Maxwell,433
346,Kendall Gill,432
347,Ken Norman,431
348,Isaiah Stewart,430
349,Larry Sanders,429
349,Ekpe Udoh,429
351,Harvey Grant,428
351,Paul Pressey,428
353,Etan Thomas,427
354,Brandan Wright,425
355,Shai Gilgeous-Alexander,422
355,Steven Hunter,422
357,Antawn Jamison,421
357,Scott Williams,421
359,Russell Westbrook,418
360,Paul George,417
360,Reggie Lewis,417
362,DeMar DeRozan,416
362,Xavier McDaniel,416
364,Wilson Chandler,414
364,Greg Kite,414
364,Tim Perry,414
364,Jason Thompson,414
368,Dewayne Dedmon,409
369,Rasual Butler,408
369,Jason Smith,408
371,Onyeka Okongwu,407
371,David Thompson,407
371,Anderson Varejao,407
371,Reggie Williams,407
375,Walt Williams,406
376,Len Elmore,405
377,Montrezl Harrell,404
378,Kyle Korver,403
378,Robert Reid,403
380,Wesley Johnson,402
381,Mike Mitchell,400
382,Maurice Harkless,399
382,Pascal Siakam,399
382,Latrell Sprewell,399
385,Al-Farouq Aminu,397
385,Brad Daugherty,397
385,Dwight Jones,397
388,Goga Bitadze,396
388,Dan Issel,396
390,Glenn Robinson,389
391,Francisco Garcia,388
392,Jimmy Butler,387
392,Isaiah Hartenstein,387
392,Jayson Tatum,387
395,Stanley Roberts,385
396,Eddy Curry,384
396,Jerome James,384
396,Charles Oakley,384
399,Scottie Barnes,383
399,Timofey Mozgov,383
401,Kim Hughes,382
402,Travis Outlaw,381
403,Markieff Morris,380
403,Steve Stipanovich,380
405,Mikal Bridges,379
405,Tyrone Hill,379
405,Jaden McDaniels,379
408,Zaza Pachulia,378
409,Kevin Love,377
410,Kwame Brown,376
411,Chris Gatling,375
412,Magic Johnson,374
413,Greg Monroe,373
413,Kelly Olynyk,373
415,Dean Garrett,372
415,Mike Green,372
417,Alvin Scott,371
418,Leroy Ellis,369
419,Jason Richardson,367
419,Wes Unseld,367
421,Grant Long,366
421,Thabo Sefolosha,366
423,Nick Anderson,364
423,Derrick Jones Jr.,364
425,Enes Freedom,363
425,Jim Petersen,363
427,Luke Kornet,362
428,Earl Cureton,361
428,Bob Gross,361
428,CJ McCollum,361
428,Lionel Simmons,361
432,Baron Davis,360
432,Dan Majerle,360
434,Jason Collins,359
434,Blake Griffin,359
434,Rod Higgins,359
437,Calvin Booth,358
438,Nate McMillan,356
438,Marreese Speights,356
440,Trevor Ariza,355
440,Bison Dele,355
440,Rick Fox,355
440,Jahidi White,355
444,Kyle Lowry,353
445,Scot Pollard,352
446,Doc Rivers,351
447,Kelly Oubre Jr.,350
447,Lorenzo Williams,350
449,Charlie Villanueva,349
450,Melvin Turpin,348
451,Matt Geiger,347
451,Richard Jefferson,347
453,Carlos Boozer,346
454,Eric Bledsoe,344
455,Patrick Beverley,343
456,Willie Anderson,342
456,Otto Moore,342
458,Omer Asik,339
458,Bradley Beal,339
458,Drew Eubanks,339
458,Daniel Theis,339
462,Tony Allen,337
462,OG Anunoby,337
462,Kyrie Irving,337
465,Bruce Bowen,336
465,Dante Cunningham,336
467,Willie Cauley-Stein,335
467,Brandon Ingram,335
469,Kevon Looney,332
470,Wendell Carter Jr.,330
470,Dwight Powell,330
470,Cody Zeller,330
473,David Lee,329
473,Roy Tarpley,329
473,Jan van Breda Kolff,329
476,Miles Bridges,328
477,Kenny Gattison,327
478,Eric Gordon,326
479,Leon Douglas,325
480,Mike Dunleavy,324
481,Michael Finley,323
481,Jared Jeffries,323
481,Alvin Robertson,323
484,Tony Massenburg,322
484,Alperen Sengun,322
486,Gordon Hayward,321
486,Billy Owens,321
488,Manu Ginobili,319
488,Lamond Murray,319
490,Stacey Augmon,317
490,Stephen Jackson,317
492,Kevin Duckworth,316
492,Samaki Walker,316
494,Jalen Rose,315
494,John Stockton,315
496,Michael Beasley,314
496,Steve Hawes,314
498,Cuttino Mobley,313
499,Anfernee Hardaway,312
499,Juwan Howard,312
499,Detlef Schrempf,312
502,Shaun Livingston,311
503,Kent Bazemore,309
503,J.J. Hickson,309
503,Kyle Kuzma,309
506,Jeff Foster,308
507,Darrell Arthur,307
507,Paul Mokeski,307
509,Lou Amundson,306
509,Mikki Moore,306
509,Cherokee Parks,306
509,Robert Traylor,306
513,Derek Harper,304
513,Michael Kidd-Gilchrist,304
513,Kevin Seraphin,304
516,Bob Dandridge,303
517,Hersey Hawkins,302
517,Julius Randle,302
517,Bryant Reeves,302
520,Andrew DeClercq,301
520,Sam Mitchell,301
520,Zach Randolph,301
520,Domantas Sabonis,301
520,Scott Wedman,301
520,Jayson Williams,301
526,Mookie Blaylock,300
526,Tim Thomas,300
528,Jaxson Hayes,299
528,Reggie Miller,299
528,Hedo Turkoglu,299
528,Kenny Walker,299
532,James Posey,298
533,Blue Edwards,297
533,Alan Henderson,297
533,Josh Richardson,297
533,Sam Williams,297
537,Mark Aguirre,296
537,Kenny Carr,296
537,Terry Mills,296
537,Patrick Patterson,296
541,Royce O'Neale,295
541,Matisse Thybulle,295
541,Keith Van Horn,295
541,Christian Wood,295
545,Maurice Cheeks,294
545,Troy Murphy,294
547,Ersan Ilyasova,293
547,Malik Rose,293
547,Bill Willoughby,293
550,Danny Ferry,292
551,Todd Day,291
551,Curtis Perry,291
551,Gus Williams,291
554,Toni Kukoc,290
555,Othella Harrington,286
555,Nenad Krstic,286
557,Frank Brickowski,285
557,Joe Kleine,285
557,Gary Payton,285
560,Coby Dietrick,284
560,Sean Elliott,284
562,Justin Holiday,283
563,Stephen Curry,282
563,Anthony Edwards,282
563,George Johnson,282
563,Dino Radja,282
563,Don Reid,282
563,Kemba Walker,282
569,Monta Ellis,281
570,Michael Stewart,278
571,Trevor Booker,277
571,Darnell Hillman,277
571,Jeff Teague,277
571,Richard Washington,277
575,Josh Howard,276
575,Byron Scott,276
575,Kenny Thomas,276
578,Eric Montross,275
578,Steve Smith,275
578,Jason Terry,275
578,Mike Woodson,275
582,Rolando Blackman,274
582,Larry Nance Jr.,274
584,Kentavious Caldwell-Pope,273
585,Will Barton,272
585,Trenton Hassell,272
585,Jordan Hill,272
585,Billy Thompson,272
589,Jamal Crawford,271
589,Dorian Finney-Smith,271
589,Ryan Hollins,271
589,Dorell Wright,271
593,Tyrone Corbin,270
593,Terrence Jones,270
593,Danny Vranes,270
596,Rick Barry,269
596,Jae Crowder,269
598,Danilo Gallinari,268
599,Damian Lillard,267
599,Jeff Ruland,267
601,Corie Blount,266
602,Ollie Johnson,265
602,Glen Rice,265
604,J.R. Reid,264
605,Isaiah Jackson,263
605,Luc Mbah a Moute,263
605,Vladimir Radmanovic,263
605,P.J. Tucker,263
609,Brandon Rush,262
609,Paul Westphal,262
609,Jamaal Wilkes,262
612,Corliss Williamson,261
613,Thomas Bryant,260
613,Joe Johnson,260
615,Precious Achiuwa,259
615,Zach Collins,259
615,Tom Owens,259
615,Bobby Portis,259
615,Maurice Taylor,259
620,Larry Johnson,258
620,George Lynch,258
622,Greg Ballard,256
622,Mike Conley,256
622,Miles Plumlee,256
625,Jaylen Brown,255
625,Francisco Elson,255
625,Larry Hughes,255
625,Ben Simmons,255
629,Aron Baynes,254
629,Torrey Craig,254
629,Jalen Duren,254
629,C.J. Miles,254
629,Mitch Richmond,254
634,Brent Barry,253
634,Vinnie Johnson,253
634,Nick Richards,253
634,Fred Roberts,253
634,Fred VanVleet,253
634,Peyton Watson,253
640,T.R. Dunn,252
640,Udonis Haslem,252
640,Buck Johnson,252
640,Brian Shaw,252
644,Marcus Smart,251
645,Jerry Reynolds,250
646,Ron Brewer,249
646,Ruben Patterson,249
646,Isiah Thomas,249
649,Paul Griffin,248
649,Mike Muscala,248
649,Dale Schlueter,248
649,Michael Smith,248
649,Bill Wennington,248
654,Chris Mills,247
654,Paul Reed,247
654,Jabari Smith Jr.,247
657,David Benoit,246
657,Brandon Clarke,246
657,Al Harrington,246
657,Johnny Newman,246
657,Brad Sellers,246
657,Chris Wilcox,246
657,Jeff Wilkins,246
664,Ray Allen,244
664,Anthony Mason,244
666,Bruce Brown,243
666,Kirk Hinrich,243
666,Lauri Markkanen,243
666,Garrett Temple,243
666,Kiki Vandeweghe,243
671,Darrell Griffith,242
671,Derrick Rose,242
673,Tyler Zeller,241
674,Donovan Clingan,240
674,De'Aaron Fox,240
676,Caris LeVert,239
676,John Salmons,239
678,Phil Chenier,238
678,Dell Curry,238
678,Marcus Morris,238
681,Luka Doncic,237
681,Chuck Hayes,237
683,Buddy Hield,236
683,George McGinnis,236
683,Jamario Moon,236
683,Reggie Theus,236
687,James Hardy,235
687,John Johnson,235
687,Mark Olberding,235
687,Carlos Rogers,235
691,Johan Petro,234
692,Cole Aldrich,233
692,George Hill,233
694,Craig Ehlo,232
694,Greg Stiemsma,232
696,Eduardo Najera,231
696,Terrence Ross,231
698,Alex Caruso,230
698,Devean George,230
698,Bernard King,230
698,Desmond Mason,230
698,Victor Oladipo,230
698,Wesley Person,230
698,Mickaël Pietrus,230
698,Taurean Prince,230
698,Jalen Smith,230
707,Trey Lyles,229
707,Mike Miller,229
709,Nikola Mirotic,228
709,Sidney Moncrief,228
709,Andres Nocioni,228
709,Loy Vaught,228
713,Marquese Chriss,227
713,Andre Miller,227
715,Isaac Austin,226
715,Terrell Brandon,226
715,M.L. Carr,226
715,JaMychal Green,226
715,Jeff Hornacek,226
715,Jamal Murray,226
715,Swen Nater,226
722,Darrell Walker,225
723,Marvin Bagley III,224
723,Anthony Randolph,224
723,Luis Scola,224
723,John Shumate,224
727,Steve Francis,223
727,World B. Free,223
727,Sidney Green,223
727,Jake Tsakalidis,223
731,Corey Brewer,222
731,Tyreke Evans,222
731,Chris Paul,222
734,Kerry Kittles,221
734,Otto Porter Jr.,221
736,Malik Allen,220
736,Junior Bridgeman,220
736,Randy Foye,220
736,Travis Knight,220
740,James Jones,218
740,Jeremy Lamb,218
740,Grant Williams,218
743,Ryan Anderson,217
743,Jay Huff,217
745,Chucky Brown,216
745,Caron Butler,216
745,Austin Croshere,216
745,John Wallace,216
745,Patrick Williams,216
750,Michael Carter-Williams,215
750,Jeff Cook,215
750,Sleepy Floyd,215
750,Rod Strickland,215
750,Anthony Tolliver,215
755,Lavoy Allen,214
755,Michael Porter Jr.,214
757,Matt Bonner,213
757,Courtney Lee,213
759,Howard Porter,212
760,Anthony Avent,211
761,Pete Chilcutt,210
761,Stacey King,210
763,Michael Doleac,209
763,Melvin Ely,209
763,Fat Lever,209
763,Vitaly Potapenko,209
763,Roy Rogers,209
763,D'Angelo Russell,209
763,Tiago Splitter,209
770,Devin Booker,208
770,Gerald Wilkins,208
770,Ray Williams,208
773,Raymond Felton,207
774,Keegan Murray,206
774,Michael Ray Richardson,206
774,Mike Sanders,206
774,Deron Williams,206
778,Zaid Abdul-Aziz,205
778,Dee Brown,205
778,Bill Hanzlik,205
781,Carl Herrera,204
781,Wesley Matthews,204
781,J.R. Smith,204
784,Darwin Cook,203
784,Carl Landry,203
784,Bryon Russell,203
784,Sharone Wright,203
788,Joe Bryant,201
789,Deni Avdija,200
789,Marc Iavaroni,200
789,Herbert Jones,200
789,Jerome Whitehead,200
793,Gerald Green,199
793,Tyrese Haliburton,199
793,Kevin Huerter,199
793,Phil Jackson,199
793,Yves Missi,199
793,Andre Roberson,199
799,Calbert Cheaney,198
799,Malik Monk,198
801,Kevin Edwards,197
801,Chuck Person,197
801,Dennis Scott,197
801,Ish Smith,197
805,Don Chaney,196
805,Albert King,196
805,Alex Sarr,196
808,Mark Bryant,195
808,Jahlil Okafor,195
810,Greg Foster,194
810,Devin Harris,194
810,Josh McRoberts,194
813,John Drew,193
813,Zach LaVine,193
813,Jelani McCoy,193
813,Donovan Mitchell,193
813,Dave Robisch,193
813,Curtis Rowe,193
813,Michael Ruffin,193
820,Nickeil Alexander-Walker,192
820,Chris Ford,192
820,Josh Hart,192
820,Lionel Hollins,192
820,De'Anthony Melton,192
820,Bonzi Wells,192
820,Lou Williams,192
827,Matas Buzelis,191
827,Tom McMillen,191
827,Calvin Natt,191
827,Josh Okogie,191
831,Harrison Barnes,190
831,George McCloud,190
831,Salah Mejri,190
831,Brian Winters,190
835,Doug West,189
836,Lonzo Ball,188
836,Jim Jackson,188
836,Harold Pressley,188
836,Otis Smith,188
836,Delon Wright,188
841,Ricky Davis,187
841,Tim McCormick,187
843,Kris Dunn,185
843,David Harrison,185
843,Toby Knight,185
843,Granville Waiters,185
847,Nemanja Bjelica,184
847,Josh Childress,184
847,Yi Jianlian,184
847,Dominic McGuire,184
847,Hasheem Thabeet,184
847,Evan Turner,184
847,John Williams,184
854,Cedric Ceballos,183
854,Dale Ellis,183
854,Gerald Henderson,183
854,Cory Joseph,183
858,Dennis Awtrey,182
858,Dudley Bradley,182
858,Damian Jones,182
861,Alexis Ajinca,181
861,Terry Porter,181
861,T.J. Warren,181
864,Shandon Anderson,180
864,Scott Burrell,180
864,Eddie Johnson,180
864,John Long,180
868,Cade Cunningham,179
868,Stojko Vrankovic,179
868,Delonte West,179
871,Josh Boone,178
871,Purvis Short,178
873,Victor Alexander,177
873,Darius Bazley,177
873,Luguentz Dort,177
873,Todd MacCulloch,177
877,Kevin Gamble,176
877,Kevin Johnson,176
877,Mitch Kupchak,176
877,Norman Powell,176
877,Earl Watson,176
882,Jeremy Lin,175
882,Derek Smith,175
882,Amen Thompson,175
882,Rudy Tomjanovich,175
886,Gary Trent,174
886,Mark Williams,174
888,Glen Davis,173
888,Bill Garnett,173
888,Adam Keefe,173
888,Thon Maker,173
888,Walter McCarty,173
888,Steve Mix,173
888,Neemias Queta,173
895,Santi Aldama,172
895,John Lambert,172
895,Jay Vincent,172
895,Zion Williamson,172
899,Pat Cummings,171
900,Keith Askins,170
900,Elmore Spencer,170
902,Jonathan Bender,169
902,Mike Brown,169
902,Josh Jackson,169
902,Reggie Johnson,169
902,Major Jones,169
907,Chauncey Billups,168
907,Ausar Thompson,168
909,Marvin Barnes,167
909,Davis Bertans,167
909,Spencer Dinwiddie,167
909,Goran Dragic,167
909,Jared Dudley,167
909,Josh Giddey,167
909,Bingo Smith,167
916,Fred Brown,166
916,Festus Ezeli,166
916,Jalen Suggs,166
916,Jake Voskuhl,166
916,Kenny Williams,166
921,Lindsey Hunter,165
921,Phil Smith,165
923,Allen Iverson,164
923,Aaron McKie,164
923,Terry Rozier,164
923,Shelden Williams,164
927,Sam Cassell,163
927,Keith Closs,163
927,Mike Gale,163
927,Louis Orr,163
931,Rondae Hollis-Jefferson,162
931,John Konchar,162
931,Tyrese Maxey,162
931,Elfrid Payton,162
931,Sean Williams,162
936,Popeye Jones,161
936,Tracy Murray,161
936,Luke Ridnour,161
936,Ricky Sobers,161
936,Jared Sullinger,161
936,David Wesley,161
942,Ron Behagen,160
942,Pat Connaughton,160
942,Khris Middleton,160
942,Zeljko Rebraca,160
942,Wally Szczerbiak,160
942,Martell Webster,160
948,Alec Burks,159
948,Dennis Hopson,159
948,Day'Ron Sharpe,159
948,Al Wood,159
952,Tony Campbell,157
952,Malik Sealy,157
952,Dick Snyder,157
952,Devin Vassell,157
956,Randy Brown,156
956,Shawne Williams,156
956,Jeff Withey,156
959,Larry Kenon,155
959,Isaac Okoro,155
959,Jamaal Tinsley,155
959,Kel'el Ware,155
963,Paolo Banchero,154
963,Desmond Bane,154
963,Khem Birch,154
963,Darvin Ham,154
963,Avery Johnson,154
963,Solomon Jones,154
963,Hakim Warrick,154
970,Bol Bol,153
970,Scott Hastings,153
970,Jonas Jerebko,153
973,Vernon Maxwell,152
973,Chandler Parsons,152
973,Charlie Scott,152
973,Al Thornton,152
977,Walter Berry,151
977,Adem Bona,151
977,DeMarre Carroll,151
977,Nikola Pekovic,151
977,Sam Pellom,151
982,Adrian Dantley,150
982,Connie Hawkins,150
982,Jalen Johnson,150
982,Greg Kelser,150
982,Sonny Parker,150
982,Doug Smith,150
982,Mike Smrek,150
989,Mike Bibby,149
989,Dwight Davis,149
989,Terry Davis,149
989,DerMarr Johnson,149
989,Jarred Vanderbilt,149
994,Gary Harris,148
