rank,name,value
1,"Wilt Chamberlain",23924
2,"Bill Russell",21620
3,"Kareem Abdul-Jabbar",17440
4,"Elvin Hayes",16279
5,"Moses Malone",16212
6,"Tim Duncan",15091
7,"Karl Malone",14968
8,"Robert Parish",14715
9,"Kevin Garnett",14662
10,"Dwight Howard",14627
11,"Nate Thurmond",14464
12,"Walt Bellamy",14241
13,"Wes Unseld",13769
14,"Hakeem Olajuwon",13748
15,"Shaquille O'Neal",13099
16,"Buck Williams",13017
17,"Jerry Lucas",12942
18,"Bob Pettit",12849
19,"Charles Barkley",12546
20,"Dikembe Mutombo",12359
21,"Paul Silas",12357
22,"Charles Oakley",12205
23,"LeBron James",12095
24,"Dennis Rodman",11954
25,"Kevin Willis",11901
26,"Patrick Ewing",11607
27,"Andre Drummond",11513
28,"Dirk Nowitzki",11489
29,"Elgin Baylor",11463
30,"Pau Gasol",11305
31,"Dolph Schayes",11256
32,"Bill Bridges",11054
33,"DeAndre Jordan",10861
34,"Jack Sikma",10816
35,"Nikola Vučević",10707
36,"Rudy Gobert",10572
37,"David Robinson",10497
38,"Ben Wallace",10482
39,"Tyson Chandler",10467
40,"Dave Cowens",10444
41,"Bill Laimbeer",10400
42,"Otis Thorpe",10370
43,"Zach Randolph",10208
44,"Shawn Marion",10101
45,"Red Kerr",10092
46,"Kevin Love",9712
47,"Bob Lanier",9698
48,"Sam Lacey",9687
49,"Dave DeBusschere",9618
50,"Marcus Camby",9513
51,"A.C. Green",9473
52,"Horace Grant",9443
53,"Bailey Howell",9383
54,"Vlade Divac",9326
55,"Al Horford",9162
56,"Artis Gilmore",9161
57,"Johnny Green",9083
58,"Jonas Valančiūnas",9052
59,"Elton Brand",9040
60,"Russell Westbrook",9025
61,"Nikola Jokić",8977
62,"Larry Bird",8974
63,"Giannis Antetokounmpo",8882
64,"Shawn Kemp",8834
65,"LaMarcus Aldridge",8736
66,"Jason Kidd",8725
67,"Leroy Ellis",8709
68,"Michael Cage",8646
69,"Anthony Davis",8637
70,"Terry Cummings",8630
71,"Dale Davis",8605
72,"Willis Reed",8414
73,"P.J. Brown",8409
74,"Kevin Durant",8254
75,"Carlos Boozer",8192
76,"Antawn Jamison",8157
77,"Larry Smith",8125
78,"Chris Webber",8124
79,"Lamar Odom",8059
80,"Bob McAdoo",8048
81,"Larry Foust",8041
82,"Karl-Anthony Towns",8025
83,"Happy Hairston",8019
84,"John Havlicek",8007
85,"Carmelo Anthony",7808
86,"Oscar Robertson",7804
87,"Al Jefferson",7690
88,"Paul Millsap",7673
89,"Sam Perkins",7666
90,"Caldwell Jones",7663
91,"Antonio McDyess",7638
92,"Clyde Lee",7626
93,"Chris Bosh",7592
94,"Wayne Embry",7544
95,"Paul Pierce",7527
96,"Maurice Lucas",7520
97,"Scottie Pippen",7494
98,"James Donaldson",7492
99,"Juwan Howard",7428
100,"Rasheed Wallace",7404
101,"Gus Johnson",7379
102,"Larry Nance",7352
103,"Clint Capela",7330
104,"Kurt Thomas",7328
105,"David Lee",7320
106,"Chet Walker",7314
107,"Anthony Mason",7279
108,"Truck Robinson",7267
109,"Jermaine O'Neal",7261
110,"Dan Roundfield",7243
111,"Derrick Coleman",7232
112,"Dominique Wilkins",7169
113,"Ray Scott",7154
114,"Alonzo Mourning",7137
115,"Kevin McHale",7122
116,"Bob Boozer",7119
117,"Olden Polynice",7110
118,"Domantas Sabonis",7096
119,"Kobe Bryant",7047
120,"Spencer Haywood",7038
121,"Julius Randle",7023
121,"Detlef Schrempf",7023
123,"Brook Lopez",7010
124,"Erick Dampier",7005
125,"Rick Mahorn",6957
126,"Clifford Ray",6953
127,"Mychal Thompson",6951
128,"Samuel Dalembert",6942
129,"Mark Eaton",6939
130,"Alvan Adams",6937
131,"Rudy LaRusso",6936
132,"Antoine Walker",6891
133,"Tyrone Hill",6854
134,"Clarence Weatherspoon",6846
135,"James Harden",6809
136,"Antonio Davis",6755
137,"Tree Rollins",6750
138,"Tom Chambers",6703
139,"Tom Meschery",6698
140,"LaSalle Thompson",6689
141,"Harry Gallatin",6684
142,"Clyde Drexler",6677
143,"Michael Jordan",6672
144,"DeMarcus Cousins",6664
145,"Clyde Lovellette",6663
146,"Josh Smith",6653
147,"Billy Cunningham",6638
148,"Jim Washington",6637
149,"Amar'e Stoudemire",6632
150,"Sidney Wicks",6620
151,"Thaddeus Young",6614
152,"Vince Carter",6606
153,"Marc Gasol",6604
154,"David West",6590
155,"Joe Smith",6575
156,"Magic Johnson",6559
157,"Alex English",6538
158,"Dave Greenwood",6537
159,"Serge Ibaka",6513
160,"Herb Williams",6509
161,"Willie Naulls",6508
162,"Mike Gminski",6480
163,"Mickey Johnson",6465
164,"Draymond Green",6462
165,"Tristan Thompson",6428
166,"Rony Seikaly",6424
167,"Marcin Gortat",6407
168,"Armen Gilliam",6401
169,"Steven Adams",6391
170,"Donyell Marshall",6376
171,"Jerome Kersey",6339
172,"Zaza Pachulia",6315
173,"Clifford Robinson",6306
174,"Tobias Harris",6292
175,"Rudy Gay",6283
176,"Shareef Abdur-Rahim",6239
177,"Walter Dukes",6223
178,"Brad Miller",6199
179,"Rudy Tomjanovich",6198
180,"Zydrunas Ilgauskas",6191
181,"Grant Hill",6169
182,"Grant Long",6154
183,"Paul Arizin",6129
184,"Elden Campbell",6116
185,"Andrew Bogut",6112
186,"Blake Griffin",6109
187,"Bill Cartwright",6106
188,"Darrall Imhoff",6099
189,"Wayne Cooper",6095
190,"Benoit Benjamin",6063
191,"Joakim Noah",6058
192,"Andre Iguodala",6047
193,"Chris Paul",6006
194,"James Edwards",6004
195,"Joe Graboski",5999
196,"Hot Rod Williams",5998
197,"Alton Lister",5996
198,"Emeka Okafor",5967
199,"Elmore Smith",5962
200,"Zelmo Beaty",5949
201,"Vern Mikkelsen",5940
202,"George Johnson",5887
203,"Paul George",5880
204,"Gar Heard",5876
205,"Vin Baker",5867
206,"Neil Johnston",5856
207,"Nenê",5828
208,"Enes Freedom",5822
209,"Mason Plumlee",5820
210,"Christian Laettner",5806
211,"Tom Sanders",5798
212,"Udonis Haslem",5791
213,"Reggie Evans",5765
214,"Bam Adebayo",5756
215,"Taj Gibson",5754
216,"Tom Heinsohn",5749
217,"Tom Boerwinkle",5745
218,"Jarrett Allen",5715
218,"Bob Dandridge",5715
220,"Troy Murphy",5708
221,"Dan Issel",5707
222,"Rich Kelley",5678
223,"Danny Schayes",5671
224,"Hal Greer",5665
225,"Nicolas Batum",5656
226,"Ray Felix",5654
227,"Jusuf Nurkić",5644
228,"Brian Grant",5622
229,"Drew Gooden",5618
230,"Tom Gola",5617
231,"Jerry Sloan",5615
232,"Derrick Favors",5608
233,"Julius Erving",5601
234,"Tom Gugliotta",5589
235,"Chris Kaman",5582
236,"Otto Moore",5575
237,"Marvin Williams",5546
238,"Jim Fox",5525
239,"Hassan Whiteside",5523
240,"Al Harrington",5482
241,"Luol Deng",5468
242,"Chris Dudley",5457
243,"Adrian Dantley",5455
244,"DeMar DeRozan",5434
245,"Rashard Lewis",5433
246,"Jack Twyman",5424
247,"Joe Barry Carroll",5404
248,"Jerry West",5366
249,"Trevor Ariza",5356
250,"Mark West",5347
251,"Xavier McDaniel",5313
252,"Larry Johnson",5300
253,"Swen Nater",5297
254,"Greg Monroe",5293
255,"Joel Embiid",5280
256,"Rik Smits",5277
257,"Tracy McGrady",5276
258,"Ray Allen",5272
259,"Robert Horry",5269
259,"Gary Payton",5269
261,"Shawn Bradley",5268
262,"Dave Corzine",5262
263,"Cedric Maxwell",5261
264,"Ivica Zubac",5251
265,"Jeff Foster",5248
266,"Cliff Robinson",5237
267,"Brad Daugherty",5227
268,"Jim Chones",5196
269,"Don Nelson",5192
270,"Jack Coleman",5186
271,"George McGinnis",5177
272,"Rick Barry",5168
273,"Kenyon Martin",5159
274,"Ervin Johnson",5148
275,"Bismack Biyombo",5135
276,"Wayman Tisdale",5117
276,"Jamaal Wilkes",5117
278,"Cliff Hagan",5116
279,"Bobby Portis",5113
280,"John Drew",5088
281,"Rodney McCray",5087
282,"Kawhi Leonard",5075
283,"Bernard King",5060
284,"Joe Johnson",5059
285,"Tyrone Corbin",5046
286,"Lenny Wilkens",5030
287,"Arnie Risen",5011
288,"Kenny Carr",4999
289,"Chuck Share",4986
290,"Stephen Curry",4973
291,"Kyle Lowry",4970
292,"Mark Jackson",4963
293,"Kurt Rambis",4961
294,"Harrison Barnes",4955
295,"Lorenzen Wright",4943
296,"Luis Scola",4941
297,"Dwyane Wade",4933
298,"Bill Walton",4923
299,"Jeff Green",4907
300,"Loy Vaught",4881
301,"Brendan Haywood",4875
302,"Greg Ballard",4858
302,"Jimmy Butler",4858
304,"Gerald Wallace",4838
305,"Eddie Johnson",4832
306,"Walt Frazier",4830
307,"Marques Johnson",4817
308,"Michael Finley",4804
309,"Andre Miller",4795
310,"Bob Cousy",4786
311,"John Johnson",4778
311,"P.J. Tucker",4778
313,"Chuck Person",4763
314,"Connie Dierking",4757
315,"Mel Counts",4756
316,"Deandre Ayton",4742
317,"Myles Turner",4727
318,"Richard Jefferson",4720
319,"Thurl Bailey",4718
320,"Nazr Mohammed",4708
320,"James Worthy",4708
322,"Nick Collison",4701
323,"Amir Johnson",4692
324,"Aaron Gordon",4683
325,"Terry Tyler",4675
326,"Ersan İlyasova",4661
327,"Robin Lopez",4660
328,"Bob Love",4653
329,"Boris Diaw",4634
330,"Ed Davis",4616
331,"Danny Manning",4615
332,"Luke Jackson",4613
333,"Tom Hawkins",4607
334,"Theo Ratliff",4596
335,"Pascal Siakam",4594
336,"Jrue Holiday",4585
337,"Mark Aguirre",4578
338,"JaVale McGee",4577
339,"Don Kojis",4555
340,"Kendrick Perkins",4532
341,"Anderson Varejão",4531
342,"Fat Lever",4523
343,"Mike Bantom",4517
344,"Dwight Jones",4513
345,"Mark Olberding",4503
346,"Yao Ming",4494
347,"Jakob Poeltl",4476
348,"Nat Clifton",4469
349,"Jim Brewer",4458
350,"Jayson Tatum",4453
351,"Metta World Peace",4448
352,"Bo Outlaw",4437
353,"Mehmet Okur",4436
354,"Darryl Dawkins",4432
355,"Jamaal Magloire",4408
356,"Jack Marin",4405
357,"Neal Walk",4392
358,"Caron Butler",4387
358,"Derrick McKey",4387
358,"Glen Rice",4387
361,"Luka Dončić",4376
361,"Mike Miller",4376
363,"T.R. Dunn",4371
364,"Scott Wedman",4355
365,"Andrei Kirilenko",4352
366,"Rajon Rondo",4349
367,"Kenny Thomas",4341
368,"Tayshaun Prince",4332
369,"Ed Macauley",4325
370,"Kris Humphries",4314
371,"Ron Harper",4309
372,"Cliff Levingston",4307
373,"Sam Jones",4305
374,"Tony Battie",4287
375,"Matt Barnes",4281
376,"Al-Farouq Aminu",4280
377,"Richie Guerin",4278
378,"Steve Hawes",4272
379,"Dan Majerle",4265
380,"Curtis Rowe",4264
381,"Bobby Jones",4256
382,"Dennis Johnson",4249
383,"Greg Anderson",4246
383,"Mike Mitchell",4246
385,"Jason Richardson",4245
386,"Curtis Perry",4239
387,"Kermit Washington",4232
388,"George Yardley",4220
389,"Mike Dunleavy",4211
390,"Dale Ellis",4201
391,"Kelly Olynyk",4200
392,"Josh Hart",4192
393,"Glenn Robinson",4189
394,"Mel Hutchins",4186
395,"Reggie Miller",4182
396,"Roy Hibbert",4173
397,"John Collins",4172
398,"Robert Reid",4168
399,"George Mikan",4167
400,"Steve Mix",4159
401,"Jim Jackson",4152
402,"Greg Ostertag",4145
403,"Rasho Nesterović",4143
404,"Kenny Sears",4142
405,"Lonnie Shelton",4136
406,"Sidney Green",4128
407,"Rod Strickland",4084
408,"Shane Battier",4082
409,"Calvin Natt",4070
410,"Alvin Robertson",4066
411,"Zaid Abdul-Aziz",4065
412,"Nick Anderson",4064
413,"James Posey",4061
414,"Kristaps Porziņģis",4055
415,"John Stockton",4051
416,"Marvin Webster",4044
417,"Chris Mullin",4034
418,"LaPhonso Ellis",4032
419,"Kevin Kunnert",4031
420,"Corey Maggette",4022
421,"Billy Owens",4016
422,"Ralph Sampson",4011
423,"Channing Frye",4002
423,"Kendall Gill",4002
425,"Joe Kleine",3991
426,"Popeye Jones",3981
427,"Connie Hawkins",3971
427,"Hedo Türkoğlu",3971
429,"John Block",3965
430,"Ed Pinckney",3952
431,"Ken Norman",3949
432,"Kevin Duckworth",3945
433,"Larry Kenon",3942
433,"Tom Van Arsdale",3942
435,"Khris Middleton",3931
436,"Lou Hudson",3926
437,"Will Perdue",3918
438,"Keith Van Horn",3909
439,"George Lynch",3902
440,"Spencer Hawes",3893
441,"Dave Gambee",3891
442,"Kenneth Faried",3884
443,"Kent Benson",3881
443,"Rodney Rogers",3881
445,"Jason Thompson",3880
446,"Terry Porter",3872
447,"Toby Kimball",3870
448,"Eddie Jones",3857
449,"Jon Koncak",3856
450,"Markieff Morris",3847
451,"Sam Bowie",3845
451,"Damian Lillard",3845
453,"Pat Cummings",3825
454,"Dick Van Arsdale",3807
455,"Mitch Richmond",3801
456,"Guy Rodgers",3791
457,"Peja Stojaković",3782
458,"Joe Meriweather",3764
459,"Andrew Wiggins",3754
460,"Wendell Carter Jr.",3750
461,"Jerome Williams",3743
462,"Chris Gatling",3741
463,"Ben Poquette",3731
464,"Kyle Kuzma",3726
465,"Latrell Sprewell",3724
466,"Sam Mitchell",3711
467,"Jaylen Brown",3700
468,"Gordon Hayward",3698
469,"Manu Ginóbili",3697
470,"Orlando Woolridge",3696
471,"Marcus Morris",3690
472,"Bob Kauffman",3682
473,"Terry Mills",3680
474,"Quentin Richardson",3666
475,"Joel Przybilla",3665
476,"Mookie Blaylock",3659
477,"Terry Dischinger",3646
477,"Jeff Hornacek",3646
479,"Kyle Korver",3643
480,"Steve Nash",3642
481,"Harvey Catchings",3639
481,"J.J. Hickson",3639
483,"Andris Biedriņš",3631
484,"Bingo Smith",3630
485,"Purvis Short",3625
486,"Alex Len",3624
487,"Danilo Gallinari",3618
487,"Woody Sauldsberry",3618
489,"Earl Lloyd",3609
490,"George Gervin",3607
491,"Randy Smith",3597
492,"Norm Van Lier",3596
493,"Jayson Williams",3584
494,"Sidney Moncrief",3575
495,"Wilson Chandler",3574
496,"Toni Kukoč",3555
497,"Hersey Hawkins",3554
498,"Billy Paultz",3553
499,"Mike Conley",3547
500,"John Tresvant",3546
501,"Chris Morris",3544
502,"Phil Hubbard",3538
503,"Gorgui Dieng",3534
504,"Rick Roberson",3522
505,"Rick Fox",3517
506,"Andrew Lang",3511
507,"Kevon Looney",3509
508,"Clemon Johnson",3508
509,"Scott Williams",3506
510,"Chris Andersen",3493
511,"Maurice Stokes",3492
512,"Lauri Markkanen",3490
513,"Isiah Thomas",3478
514,"Adonal Foyle",3461
515,"Phil Jackson",3454
516,"Roy Hinson",3452
516,"Kosta Koufos",3452
518,"Steve Johnson",3450
519,"Keith Erickson",3449
520,"Brandon Bass",3448
521,"Harvey Grant",3436
521,"Arvydas Sabonis",3436
521,"Felton Spencer",3436
524,"Larry Nance Jr.",3434
525,"Jeff Mullins",3427
526,"Raef LaFrentz",3423
527,"Dave Bing",3420
528,"Michael Olowokandi",3414
529,"Ryan Anderson",3413
530,"Frank Brickowski",3410
530,"Frank Ramsey",3410
532,"Tony Parker",3396
533,"Allen Iverson",3394
534,"Jae Crowder",3391
535,"Robert Covington",3385
536,"Antoine Carr",3384
537,"Doug Christie",3382
538,"J.R. Reid",3381
539,"Tim Thomas",3379
540,"Jeff Ruland",3378
541,"Malik Rose",3371
542,"Lloyd Neal",3370
543,"Matt Harpring",3366
544,"Ömer Aşık",3362
545,"John Salley",3356
546,"Cornell Warner",3353
547,"Reggie Theus",3349
548,"Jo Jo White",3345
549,"Bob Ferry",3343
550,"Dennis Awtrey",3342
551,"Kwame Brown",3333
551,"Bob Rule",3333
553,"Stephen Jackson",3328
554,"Jim McMillian",3319
555,"Terry Catledge",3314
556,"Kelly Oubre Jr.",3284
557,"Gail Goodrich",3279
558,"Rolando Blackman",3278
558,"Evan Turner",3278
560,"Jason Terry",3274
561,"Jamal Mashburn",3271
562,"Jerome Whitehead",3268
563,"Cedric Ceballos",3258
564,"Charles Jones",3253
565,"Dwight Powell",3252
565,"Thabo Sefolosha",3252
567,"Bradley Beal",3251
568,"Alan Henderson",3249
568,"Greg Smith",3249
570,"Charles Smith",3246
571,"Royce O'Neale",3245
572,"Chuck Hayes",3243
572,"Walt Wesley",3243
574,"Nate McMillan",3222
575,"Andrew Bynum",3221
575,"Sam Cassell",3221
577,"Kyle Anderson",3217
578,"Stacey Augmon",3216
579,"Steve Francis",3215
580,"Bill Robinzine",3209
581,"Sean Elliott",3204
582,"Jalen Rose",3193
582,"Michael Smith",3193
584,"John Gianelli",3188
585,"Danny Fortson",3184
585,"Klay Thompson",3184
587,"Baron Davis",3183
587,"Brian Shaw",3183
587,"Corliss Williamson",3183
590,"Jim Krebs",3177
591,"Kyrie Irving",3173
592,"Earl Cureton",3172
593,"Pervis Ellison",3170
594,"Jay Vincent",3167
595,"Mitchell Robinson",3164
596,"McCoy McLemore",3161
597,"Matt Geiger",3158
598,"Anfernee Hardaway",3146
599,"Craig Ehlo",3139
600,"Darrell Walker",3134
601,"Steve Stipanovich",3131
602,"Othella Harrington",3130
603,"Cody Zeller",3125
604,"CJ McCollum",3119
605,"Len Chappell",3113
606,"Jim Davis",3109
606,"Vinnie Johnson",3109
608,"Mike Bibby",3103
609,"Maurice Cheeks",3088
610,"Alperen Şengün",3086
611,"Miles Bridges",3077
612,"Chris Wilcox",3076
613,"J.R. Smith",3073
614,"Cazzie Russell",3068
615,"Jerry Stackhouse",3067
616,"Steve Smith",3060
617,"Michael Ray Richardson",3056
618,"Walter Davis",3053
619,"Buddy Hield",3052
620,"Larry Hughes",3039
620,"Damon Stoudamire",3039
622,"Billy Knight",3037
623,"Dale Schlueter",3034
624,"Lamond Murray",3033
625,"Phil Jordon",3028
626,"Andray Blatche",3024
626,"Jerami Grant",3024
628,"Charlie Villanueva",3019
629,"Vern Fleming",3012
630,"Tom Owens",3010
631,"Blair Rasmussen",3006
632,"Dejounte Murray",3000
633,"Brandon Ingram",2996
634,"Junior Bridgeman",2995
635,"Evan Mobley",2994
636,"Chauncey Billups",2992
636,"Mark Bryant",2992
638,"James Bailey",2988
639,"Byron Scott",2987
640,"Randy Breuer",2986
640,"JaMychal Green",2986
642,"Dewayne Dedmon",2970
643,"Devin Booker",2966
644,"Tony Massenburg",2964
645,"Leon Douglas",2954
646,"Jamal Crawford",2948
647,"Jim Barnes",2939
648,"Eric Bledsoe",2937
649,"Trevor Booker",2932
650,"Bryon Russell",2914
651,"Don Chaney",2913
651,"Tom McMillen",2913
653,"Cuttino Mobley",2902
654,"Oliver Miller",2893
655,"Danny Granger",2888
656,"Terry Davis",2887
657,"Josh Howard",2886
658,"Tony Allen",2884
658,"Derek Harper",2884
660,"Sean Rooks",2877
661,"Nic Claxton",2875
661,"Marreese Speights",2875
663,"Kelvin Cato",2874
663,"Monta Ellis",2874
665,"Raymond Felton",2867
666,"Isaiah Hartenstein",2866
667,"Desmond Mason",2863
668,"Michael Beasley",2861
669,"Tim Hardaway",2855
669,"Gene Shue",2855
671,"Richard Hamilton",2852
672,"Jared Dudley",2849
673,"Jalen Duren",2848
673,"Jim Loscutoff",2848
675,"Brian Skinner",2841
676,"Ben Simmons",2840
677,"Nerlens Noel",2835
678,"Kentavious Caldwell-Pope",2833
678,"Lionel Simmons",2833
680,"Kemba Walker",2831
681,"Ricky Rubio",2830
682,"Danny Green",2827
683,"Trey Lyles",2826
684,"Rod Higgins",2819
685,"Goran Dragić",2816
686,"Dick Barnett",2812
687,"Chris Mills",2808
688,"Roy Tarpley",2803
689,"Luc Mbah a Moute",2800
690,"Patrick Patterson",2799
691,"Paul Pressey",2798
692,"Earl Monroe",2796
693,"Tom Burleson",2794
693,"Luc Longley",2794
693,"Walt Williams",2794
696,"Jack Nichols",2793
696,"Bill Sharman",2793
698,"Will Barton",2792
699,"Aaron Williams",2790
700,"Kiki Vandeweghe",2785
701,"Mark Blount",2784
701,"Dick McGuire",2784
701,"Vladimir Radmanović",2784
704,"Brent Barry",2780
705,"Zach LaVine",2773
706,"Michael Cooper",2769
707,"Danny Ainge",2768
708,"Dorian Finney-Smith",2765
709,"Mike Brown",2762
710,"Wesley Matthews",2757
711,"Pete Maravich",2747
711,"Red Rocha",2747
713,"Bryant Reeves",2745
714,"Bonzi Wells",2737
715,"Don Adams",2732
715,"Dick Snyder",2732
717,"George Hill",2731
718,"Mitch Kupchak",2730
719,"Patrick Beverley",2729
720,"Eddy Curry",2725
720,"Vitaly Potapenko",2725
722,"Tyreke Evans",2720
723,"Gene Banks",2718
724,"James Johnson",2716
725,"Ron Behagen",2712
726,"Reggie King",2707
727,"Jason Collins",2706
728,"Larry Costello",2705
728,"Ian Mahinmi",2705
730,"John Wall",2704
731,"Kelly Tripucka",2703
732,"Ruben Patterson",2697
733,"Campy Russell",2696
734,"Deni Avdija",2690
734,"Corie Blount",2690
736,"Joe Ellis",2686
737,"Mark Landsberger",2681
738,"Dante Cunningham",2676
738,"P.J. Washington",2676
740,"Scottie Barnes",2665
741,"Derek Fisher",2658
742,"Jordan Clarkson",2650
742,"Paul Griffin",2650
744,"Austin Croshere",2649
745,"Manute Bol",2647
746,"Gerald Wilkins",2646
747,"Alec Burks",2642
748,"Kenny Anderson",2641
749,"Donovan Mitchell",2640
750,"Fred Brown",2637
751,"Dario Šarić",2632
752,"Doc Rivers",2625
753,"Dennis Schröder",2624
754,"Onyeka Okongwu",2620
754,"Dave Robisch",2620
756,"Deron Williams",2619
757,"Dell Curry",2617
758,"Allan Bristow",2613
759,"Calbert Cheaney",2610
759,"George Johnson",2610
759,"Terry Rozier",2610
762,"Greg Kite",2607
763,"Richaun Holmes",2606
764,"John Salmons",2603
765,"Wally Szczerbiak",2602
766,"Otto Porter Jr.",2599
767,"M.L. Carr",2595
767,"Jameer Nelson",2595
769,"Montrezl Harrell",2588
770,"Aaron McKie",2587
771,"Kirk Hinrich",2576
771,"Jason Maxiell",2576
771,"Michael Porter Jr.",2576
774,"Jeff Wilkins",2574
775,"Charlie Tyra",2567
776,"Bison Dele",2564
777,"Jared Jeffries",2563
778,"Bojan Bogdanović",2559
779,"Adam Keefe",2556
780,"Ricky Davis",2550
780,"Danny Ferry",2550
782,"Josh Giddey",2548
783,"Nick Van Exel",2545
784,"Tim Hardaway Jr.",2544
785,"Andrea Bargnani",2541
786,"Johnny Newman",2536
787,"Stromile Swift",2535
788,"Carl Landry",2533
789,"Barry Clemens",2532
790,"Jaren Jackson Jr.",2530
791,"Jonas Jerebko",2522
792,"Mikal Bridges",2519
792,"Darrell Griffith",2519
794,"Stephon Marbury",2516
795,"Daniel Gafford",2505
796,"Shai Gilgeous-Alexander",2503
797,"OG Anunoby",2495
798,"Sleepy Floyd",2494
798,"Mike Newlin",2494
800,"John Long",2492
801,"Andrew DeClercq",2488
802,"Jarrett Jack",2487
802,"Jim Pollard",2487
804,"Lou Williams",2484
805,"Morris Peterson",2483
806,"Clark Kellogg",2482
807,"Kurt Nimphius",2474
808,"Willie Cauley-Stein",2470
809,"Nate Williams",2469
810,"Isaiah Stewart",2467
811,"Al Attles",2463
811,"Reggie Jackson",2463
813,"Naz Reid",2460
814,"DeMarre Carroll",2454
815,"Dave Stallworth",2453
816,"Maurice Taylor",2452
817,"RJ Barrett",2450
818,"Hub Reed",2449
819,"Fred Hetzel",2444
820,"Joe Bryant",2441
821,"Allan Houston",2434
822,"Keldon Johnson",2432
823,"Chuck Cooper",2431
824,"World B. Free",2430
825,"Bruce Bowen",2428
826,"Archie Clark",2427
827,"Michael Kidd-Gilchrist",2420
828,"Anthony Tolliver",2416
829,"Michael Redd",2411
830,"David Wesley",2405
831,"Kevin Johnson",2404
832,"Wesley Person",2402
833,"K.C. Jones",2399
834,"Aron Baynes",2396
835,"Andy Phillip",2395
836,"Chris Ford",2394
837,"Reggie Williams",2393
838,"Jordan Hill",2389
839,"John Shumate",2388
840,"Fred Carter",2381
841,"Blue Edwards",2376
842,"Matt Bonner",2371
843,"Ray Williams",2370
844,"John Henson",2368
845,"Joe Caldwell",2367
846,"Tim McCormick",2366
846,"Christian Wood",2366
848,"Jeff Malone",2364
849,"Omri Casspi",2355
849,"Marcus Smart",2355
851,"Bill Bradley",2354
851,"Jim Petersen",2354
853,"De'Aaron Fox",2352
854,"Scot Pollard",2351
855,"Ed Conlin",2349
856,"Jamal Murray",2348
857,"Bobby Jackson",2347
858,"George McCloud",2342
858,"Paul Mokeski",2342
860,"Jeff Cook",2334
861,"Kenny Gattison",2327
862,"Dan Gadzuric",2326
863,"Derrick Rose",2324
864,"Anthony Edwards",2319
865,"Muggsy Bogues",2318
866,"Ron Anderson",2312
867,"Fred Roberts",2308
868,"Eduardo Nájera",2307
869,"Precious Achiuwa",2305
870,"Slater Martin",2302
870,"Chris Mihm",2302
872,"Rick Robey",2301
873,"Ricky Pierce",2296
873,"Joe Strawder",2296
875,"Lamar Green",2295
875,"Andrés Nocioni",2295
877,"Connie Simmons",2294
878,"Corey Brewer",2287
879,"Ollie Johnson",2280
880,"Kevin Martin",2278
881,"Gary Trent",2276
882,"Duane Causwell",2273
883,"Darrell Armstrong",2269
884,"Mo Williams",2264
885,"Albert King",2262
886,"Nenad Krstić",2261
887,"Jim Barnett",2259
888,"Marvin Bagley III",2255
889,"Kevin Loughery",2254
890,"Bob Gross",2253
891,"Shandon Anderson",2252
892,"Lance Stephenson",2251
893,"Bruce Brown",2247
894,"Victor Oladipo",2245
895,"Tom Hammonds",2243
896,"Bob Sura",2240
897,"Ryan Gomes",2239
898,"Glen Davis",2236
898,"Bob Wilkerson",2236
900,"Bucky Bockhorn",2234
901,"Nick Weatherspoon",2232
902,"Timofey Mozgov",2225
903,"Gus Williams",2222
904,"DeSagana Diop",2219
905,"Jarred Vanderbilt",2218
906,"Joe Ingles",2214
907,"Derek Strong",2213
908,"Gene Conley",2212
909,"Kevin Restani",2206
910,"Lucius Allen",2205
911,"Richard Washington",2204
912,"Joe Dumars",2203
913,"John Williams",2201
914,"Vernon Maxwell",2200
915,"Maurice Harkless",2198
916,"Mikki Moore",2196
917,"Gene Wiley",2194
918,"Darius Miles",2190
919,"Lew Hitch",2183
920,"T.J. McConnell",2178
921,"D'Angelo Russell",2177
922,"Arron Afflalo",2176
923,"Herm Gilliam",2175
924,"Terrell Brandon",2174
925,"Taurean Prince",2172
926,"Gilbert Arenas",2168
927,"Kyle O'Quinn",2166
927,"Isaiah Rider",2166
929,"Don Ohl",2163
930,"Eric Montross",2159
931,"DeJuan Blair",2153
932,"Si Green",2152
933,"E.C. Coleman",2151
933,"Hank Finkel",2151
933,"Devin Harris",2151
933,"John Lucas",2151
937,"Chucky Brown",2148
937,"José Calderón",2148
937,"Bill Wennington",2148
940,"Derrick White",2147
941,"Walt Hazzard",2146
941,"Len Elmore",2146
941,"Steve Kuberski",2146
944,"George Wilson",2144
945,"Eric Snow",2141
946,"Eric Williams",2139
947,"Anthony Peeler",2136
948,"Ricky Sobers",2132
949,"Jack George",2129
949,"John Starks",2129
951,"Courtney Lee",2127
952,"John Brown",2126
953,"Carl Braun",2122
954,"Donte DiVincenzo",2119
955,"Tony Campbell",2117
955,"Louis Orr",2117
955,"Hakim Warrick",2117
958,"Eric Gordon",2115
959,"Jabari Smith Jr.",2113
960,"Calvin Murphy",2103
961,"Chris Boucher",2102
962,"Caris LeVert",2098
962,"Frank Selvy",2098
964,"Keon Clark",2096
965,"Cory Joseph",2094
966,"Dorell Wright",2093
967,"Samaki Walker",2089
968,"Don Barksdale",2088
969,"Clem Haskins",2087
970,"Elfrid Payton",2086
971,"Pat Connaughton",2084
972,"Willie Anderson",2082
973,"Jason Smith",2075
974,"Jeremy Lamb",2073
975,"Kent Bazemore",2072
975,"Otis Birdsong",2072
977,"Gary Gregor",2065
978,"Phil Chenier",2063
979,"Terrence Ross",2061
980,"Bill Hanzlik",2058
981,"Nemanja Bjelica",2051
981,"Larry Krystkowiak",2051
983,"Erwin Mueller",2050
984,"Tiny Archibald",2046
985,"Butch Beard",2042
986,"Jeff Turner",2036
987,"Charlie Scott",2034
988,"Isaac Austin",2030
989,"Jason Caffey",2022
990,"Lindsey Hunter",2021
991,"Maxi Kleber",2018
991,"Robert Williams",2018
993,"Mario Elie",2017
994,"Alex Hannum",2013
995,"C.J. Miles",2011
996,"Jared Sullinger",2006
997,"Jay Humphries",2003
998,"Mo Bamba",2002
999,"Michael Brooks",2001
1000,"Paolo Banchero",2000
